标题,朝代,作者
采薇,先秦,佚名
树中草,唐代,李白
少年游·草,宋代,高观国
登夏州城楼,唐代,罗隐
秋浦歌十七首·其十四,唐代,李白
渔家傲·和程公辟赠,宋代,张先
玉烛新·花穿帘隙透,宋代,吴文英
南山田中行,唐代,李贺
华山畿·君既为侬死,南北朝,佚名
水调歌头·徐州中秋,宋代,苏辙
留别王司马嵩,唐代,李白
送杨山人归嵩山,唐代,李白
破阵乐·露花倒影,宋代,柳永
南楼中望所迟客,南北朝,谢灵运
鹧鸪天·九日悲秋不到心,宋代,晏几道
咏红梅花得“花”字,清代,曹雪芹
浣溪沙·谁念西风独自凉,清代,纳兰性德
塞下曲四首,唐代,王昌龄
凉思,唐代,李商隐
普天乐·柳丝柔,元代,滕宾
愚人食盐,南北朝,僧伽斯那
来日大难,唐代,李白
踏莎行·春暮,宋代,寇准
无题·相见时难别亦难,唐代,李商隐
无题·凤尾香罗薄几重,唐代,李商隐
角弓,先秦,佚名
鹊踏枝·六曲阑干偎碧树,五代,冯延巳
送凌侍郎还宣州,宋代,晏殊
浣溪沙·髻子伤春慵更梳,宋代,李清照
国风·齐风·鸡鸣,先秦,佚名
南池,宋代,陶弼
春游曲,唐代,长孙氏
潇湘神·零陵作,清代,屈大均
卷珠帘·记得来时春未暮,宋代,魏夫人
点绛唇·咏风兰,清代,纳兰性德
离亭燕·一带江山如画,宋代,张昪
柳枝·解冻风来末上青,唐代,牛峤
纪辽东二首,隋代,杨广
少年游·参差烟树灞陵桥,宋代,柳永
大德歌·夏,元代,关汉卿
昭君怨·送别,宋代,苏轼
观胡人吹笛,唐代,李白
观郑州崔郎中诸妓绣样 / 咏绣障,唐代,胡令能
青玉案·凌波不过横塘路,宋代,贺铸
风流子·新绿小池塘,宋代,周邦彦
玉楼春·东山探梅,宋代,刘镇
南乡子·秋暮村居,清代,纳兰性德
鹧鸪天·杨柳东塘细水流,清代,蒋春霖
蝶恋花·桐叶晨飘蛩夜语,宋代,陆游
过崔八丈水亭,唐代,李白
江上望青山忆旧,清代,王士祯
渔父,唐代,张志和
赠僧朝美,唐代,李白
燕山亭·北行见杏花,宋代,赵佶
蝶恋花·上巳召亲族,宋代,李清照
八阵图,唐代,杜甫
梅花,宋代,王安石
把酒问月·故人贾淳令予问之,唐代,李白
书丹元子所示李太白真,宋代,苏轼
新城道中二首,宋代,苏轼
月上瓜洲·寓乌夜啼南徐多景楼作,宋代,张辑
华清宫三首·其一,唐代,崔橹
好事近·飞雪过江来,宋代,吕渭老
蝶恋花·晓日窥轩双燕语,宋代,秦观
房兵曹胡马诗,唐代,杜甫
十二月过尧民歌·别情,元代,王实甫
小池,宋代,杨万里
塞上曲,唐代,李白
饮湖上初晴后雨二首·其二,宋代,苏轼
瑞鹤仙·赋梅,宋代,辛弃疾
同儿辈赋未开海棠,金朝,元好问
鸳鸯湖棹歌·一百首选二,清代,朱彝尊
江上望青山忆旧,清代,王士祯
踏莎行·初春,清代,徐灿
浣溪沙·谁念西风独自凉,清代,纳兰性德
醉落魄·正月二十日张园赏海棠作,宋代,管鉴
满江红·中秋夜潮,宋代,史达祖
思黯南墅赏牡丹,唐代,刘禹锡
战城南,两汉,佚名
大雅·思齐,先秦,佚名
卜算子·黄州定慧院寓居作,宋代,苏轼
西平乐·尽日凭高目,宋代,柳永
彩书怨,唐代,上官昭容
于南山往北山经湖中瞻眺,南北朝,谢灵运
赠梁任父同年,清代,黄遵宪
春夜别友人二首·其二,唐代,陈子昂
无题·八岁偷照镜,唐代,李商隐
惜秋华·木芙蓉,宋代,吴文英
南都行,唐代,李白
大堤曲,唐代,李贺
黄台瓜辞,唐代,李贤
正月十五夜闻京有灯恨不得观,唐代,李商隐
赠新平少年,唐代,李白
村行,宋代,王禹偁
拂舞词 / 公无渡河,唐代,温庭筠
南池,宋代,陶弼
夏日题老将林亭,唐代,张蠙
寄朱锡珪,唐代,贾岛
峨眉山月歌,唐代,李白
发归濑三瀑布望两溪诗,南北朝,谢灵运
